,List Iterations,Duration since innit,Total Malus,Swap Class Random,Swap Class Capacity,Swap Student Gaphour,Swap Student Doublehour
0,0,0.0,1116,0,0,0,0
1,1,7.24,823,266,293,10,26
2,2,14.32,694,65,129,7,6
3,3,20.47,645,33,49,6,7
4,4,26.6,610,35,26,2,3
5,5,32.62,590,20,11,2,3
6,6,38.45,579,11,4,8,3
7,7,44.34,535,27,44,4,1
8,8,50.3,514,21,7,5,4
9,9,56.7,460,19,54,4,1
10,10,63.55,455,4,5,1,3
11,11,69.58,443,12,5,5,0
12,12,75.57,390,53,33,4,2
13,13,81.04,382,3,8,4,5
14,14,86.47,372,10,7,4,8
15,15,91.76,368,1,1,4,1
16,16,97.13,365,3,3,1,3
17,17,102.53,362,3,0,0,3
18,18,107.57,355,0,6,7,1
19,19,112.58,355,0,0,0,0
20,20,117.56,350,5,0,3,0
21,21,122.57,346,0,1,2,4
22,22,127.6,343,3,0,3,0
23,23,133.23,340,1,1,2,3
24,24,139.24,326,14,3,0,1
25,25,144.17,325,0,1,0,1
26,26,149.22,323,2,0,1,1
27,27,154.22,316,1,7,1,0
28,28,159.16,316,0,0,0,0
29,29,164.09,271,1,45,1,1
30,30,168.99,271,0,0,0,0
31,31,173.87,268,0,0,1,3
32,32,178.76,268,0,0,0,0
33,33,183.56,267,0,0,1,1
34,34,188.44,265,0,1,2,0
35,35,194.18,264,0,0,1,0
36,36,201.01,260,3,2,4,0
37,37,208.03,259,0,0,0,1
38,38,214.39,258,0,0,1,0
39,39,220.61,256,0,2,0,0
40,40,225.66,256,0,0,0,0
41,41,230.53,256,0,0,0,0
42,42,235.32,255,0,0,1,0
43,43,240.25,255,0,0,0,0
44,44,246.46,252,3,0,0,0
45,45,251.86,249,0,3,3,2
46,46,257.32,246,0,0,3,0
47,47,263.63,244,0,0,1,2
48,48,269.9,240,4,0,0,0
49,49,275.38,240,0,0,0,0
50,50,280.74,239,0,0,1,0
51,51,286.07,239,0,0,0,0
52,52,291.44,238,1,0,1,1
53,53,296.72,237,0,0,1,0
54,54,301.71,237,0,0,0,0
55,55,306.44,233,4,0,0,0
56,56,311.39,214,19,0,0,0
57,57,316.9,211,2,3,0,0
58,58,321.82,208,0,0,3,0
59,59,327.78,208,0,0,0,0
60,60,333.42,207,0,0,1,1
61,61,338.72,204,3,0,0,1
62,62,343.79,201,0,3,0,1
63,63,348.5,201,0,0,0,0
64,64,353.21,201,0,0,0,0
65,65,357.97,196,0,5,1,1
66,66,362.63,196,0,0,0,0
67,67,367.3,195,0,0,1,1
68,68,372.1,193,0,2,1,0
69,69,376.81,192,0,0,0,1
70,70,381.5,191,0,0,0,1
71,71,386.21,191,0,0,0,0
72,72,390.93,190,0,1,0,0
73,73,395.89,190,0,0,0,0
74,74,400.67,190,0,0,0,0
75,75,405.79,190,0,0,0,0
76,76,410.51,190,0,0,0,0
77,77,415.22,187,0,1,3,0
78,78,420.25,186,0,0,0,1
79,79,425.57,186,0,0,0,0
80,80,430.24,185,0,0,1,0
81,81,435.01,185,0,0,0,0
82,82,442.33,185,0,0,0,0
83,83,447.66,183,2,0,0,0
84,84,452.85,182,0,0,1,0
85,85,457.87,182,0,0,0,0
86,86,465.71,181,0,1,0,0
87,87,472.49,180,1,0,1,0
88,88,478.09,180,0,0,0,0
89,89,482.88,180,0,0,0,0
90,90,487.85,180,0,0,0,0
91,91,492.57,180,0,0,0,0
92,92,498.43,180,0,0,0,0
93,93,506.54,180,0,0,0,0
94,94,514.46,180,0,0,0,0
95,95,520.36,180,0,0,0,0
96,96,527.84,180,0,0,0,0
97,97,533.35,180,0,0,0,0
98,98,538.18,179,0,0,1,0
99,99,542.91,179,0,0,0,0
100,100,547.56,179,0,0,0,0
101,101,552.22,179,0,0,0,0
102,102,557.0,179,0,0,0,0
103,103,561.88,178,0,0,0,1
104,104,566.52,176,2,0,0,1
105,105,571.28,174,2,0,0,0
106,106,575.95,174,0,0,0,0
107,107,581.0,174,0,0,0,0
108,108,587.5,174,0,0,0,0
109,109,592.48,174,0,0,0,0
110,110,597.67,174,0,0,0,0
111,111,602.88,174,0,0,0,0
112,112,608.14,171,0,3,0,0
113,113,613.42,171,0,0,0,0
114,114,618.58,167,4,0,0,0
115,115,623.55,167,0,0,0,0
116,116,628.32,167,0,0,0,0
117,117,633.29,165,0,0,0,2
118,118,637.96,165,0,0,0,0
119,119,642.64,165,0,0,0,0
120,120,647.7,165,0,0,0,0
121,121,654.68,164,0,0,1,0
122,122,661.32,162,0,2,0,0
123,123,666.6,162,0,0,0,0
124,124,671.48,162,0,0,0,0
125,125,676.39,162,0,0,0,0
126,126,681.54,162,0,0,0,0
127,127,686.6,161,0,0,1,0
128,128,691.51,161,0,0,0,0
129,129,696.44,161,0,0,0,0
130,130,701.3,161,0,0,0,0
131,131,706.01,161,0,0,0,0
132,132,710.67,161,0,0,0,0
133,133,715.46,160,0,0,0,1
134,134,720.5,160,0,0,0,0
135,135,726.14,160,0,0,0,0
136,136,731.82,160,0,0,0,0
137,137,737.47,160,0,0,0,0
138,138,743.42,160,0,0,0,0
139,139,749.32,160,0,0,0,0
140,140,754.99,160,0,0,0,0
141,141,760.27,159,0,1,0,0
142,142,765.94,159,0,0,0,0
143,143,771.84,159,0,0,0,0
144,144,776.98,159,0,0,0,0
145,145,782.12,158,1,0,0,0
146,146,787.29,158,0,0,0,0
147,147,792.43,158,0,0,0,0
148,148,797.31,157,0,1,0,0
149,149,802.1,157,0,0,0,0
150,150,806.8,157,0,0,0,0
151,151,811.41,157,0,0,0,0
152,152,817.26,155,2,0,0,0
153,153,822.4,155,0,0,0,0
154,154,827.54,154,0,0,0,1
155,155,833.72,154,0,0,0,0
156,156,838.93,154,0,0,0,0
157,157,844.13,153,0,0,1,0
158,158,848.76,150,0,3,0,0
159,159,853.41,150,0,0,0,0
160,160,858.07,150,0,0,0,0
161,161,863.31,149,0,0,1,0
162,162,868.15,149,0,0,0,0
163,163,873.12,148,0,0,1,1
164,164,877.84,148,0,0,0,0
165,165,882.63,148,0,0,0,0
166,166,887.41,148,0,0,0,0
167,167,892.34,148,0,0,0,0
168,168,897.25,148,0,0,0,0
169,169,902.13,148,0,0,0,0
170,170,908.34,148,0,0,0,0
171,171,914.18,148,0,0,0,0
172,172,919.69,148,0,0,0,0
173,173,925.4,148,0,0,0,0
174,174,930.68,147,1,0,0,0
175,175,935.91,147,0,0,0,0
176,176,941.15,146,0,0,1,0
177,177,946.31,146,0,0,0,0
178,178,951.48,145,0,0,0,1
179,179,956.75,142,3,0,0,0
180,180,963.89,142,0,0,0,0
181,181,969.56,142,0,0,0,0
182,182,975.41,142,0,0,0,0
183,183,981.65,142,0,0,0,0
184,184,988.57,142,0,0,0,0
185,185,993.33,142,0,0,0,0
186,186,998.49,142,0,0,0,0
187,187,1003.58,142,0,0,0,0
188,188,1008.24,142,0,0,0,0
189,189,1013.67,142,0,0,0,0
190,190,1018.41,141,0,1,0,0
191,191,1023.18,141,0,0,0,0
192,192,1027.87,141,0,0,0,0
193,193,1032.51,141,0,0,0,0
194,194,1037.12,141,0,0,0,0
195,195,1041.73,141,0,0,0,0
196,196,1046.29,141,0,0,0,0
197,197,1050.87,141,0,0,0,0
198,198,1055.52,141,0,0,0,0
199,199,1060.08,141,0,0,0,0
200,200,1064.64,137,0,4,0,0
201,201,1069.26,136,0,0,0,1
202,202,1073.83,136,0,0,0,0
203,203,1078.39,136,0,0,0,0
204,204,1083.0,136,0,0,0,0
205,205,1087.6,136,0,0,0,0
206,206,1092.15,136,0,0,0,0
207,207,1096.77,136,0,0,0,0
208,208,1101.58,136,0,0,0,0
209,209,1106.24,136,0,0,0,0
210,210,1110.81,136,0,0,0,0
211,211,1115.43,135,0,0,1,0
212,212,1120.07,135,0,0,0,0
213,213,1124.66,135,0,0,0,0
214,214,1129.26,135,0,0,0,0
215,215,1133.85,135,0,0,0,0
216,216,1138.52,135,0,0,0,0
217,217,1143.06,135,0,0,0,0
218,218,1147.62,135,0,0,0,0
219,219,1152.18,135,0,0,0,0
220,220,1156.79,135,0,0,0,0
221,221,1161.71,135,0,0,0,0
222,222,1166.29,134,0,0,1,1
223,223,1170.87,134,0,0,0,0
224,224,1175.45,134,0,0,0,0
225,225,1179.97,134,0,0,0,0
226,226,1184.55,134,0,0,0,0
227,227,1189.12,134,0,0,0,0
228,228,1193.87,134,0,0,0,0
229,229,1199.35,134,0,0,0,0
230,230,1203.94,134,0,0,0,0
231,231,1208.66,134,0,0,0,0
232,232,1213.31,134,0,0,0,0
233,233,1218.05,134,0,0,0,0
234,234,1222.62,134,0,0,0,0
235,235,1228.06,134,0,0,0,0
236,236,1232.76,134,0,0,0,0
237,237,1237.39,134,0,0,0,0
238,238,1241.97,134,0,0,0,0
239,239,1246.55,134,0,0,0,0
240,240,1251.14,134,0,0,0,0
241,241,1255.92,134,0,0,0,0
242,242,1262.45,134,0,0,0,0
243,243,1267.92,134,0,0,0,0
244,244,1272.59,134,0,0,0,0
245,245,1277.13,134,0,0,0,0
246,246,1282.36,134,0,0,0,0
247,247,1287.19,134,0,0,0,0
248,248,1291.9,134,0,0,0,0
249,249,1297.22,134,0,0,0,0
250,250,1301.88,134,0,0,0,0
251,251,1306.67,134,0,0,0,0
252,252,1311.69,134,0,0,0,0
253,0,0.0,1325,0,0,0,0
254,1,22.24,420,891,905,66,65
255,2,32.56,355,65,29,12,12
256,3,42.52,315,40,34,8,12
257,4,52.19,305,4,5,8,10
258,5,61.7,291,14,5,5,4
259,6,70.07,274,13,17,7,6
260,7,77.38,243,31,10,9,12
261,8,84.89,232,11,11,9,3
262,9,92.34,225,3,0,7,7
263,10,99.22,214,1,2,6,11
264,11,105.92,212,1,2,0,2
265,12,112.55,203,0,3,2,9
266,13,119.13,200,3,0,2,2
267,14,125.76,189,11,0,4,3
268,15,132.23,186,3,0,1,1
269,16,138.56,183,1,3,3,1
270,17,144.88,181,1,0,1,2
271,18,151.58,178,0,3,1,1
272,19,159.24,176,0,0,1,2
273,20,167.71,168,8,0,3,1
274,21,174.59,166,0,0,2,0
275,22,180.7,163,0,2,3,0
276,23,186.98,162,1,0,1,1
277,24,193.95,160,0,2,0,2
278,25,200.72,158,0,0,0,2
279,26,207.79,158,0,0,0,0
280,27,215.16,157,1,0,0,0
281,28,221.79,156,0,0,1,1
282,29,228.09,154,2,0,0,0
283,30,234.8,152,0,0,0,2
284,31,240.79,150,1,0,2,1
285,32,246.91,149,0,1,0,0
286,33,252.92,148,0,0,1,0
287,34,259.0,146,0,0,2,1
288,35,266.71,145,1,1,1,0
289,36,273.04,144,0,0,1,0
290,37,279.03,143,0,0,0,1
291,38,284.94,141,0,2,0,1
292,39,290.84,140,0,1,0,0
293,40,296.69,140,0,0,0,0
294,41,303.06,140,0,0,0,0
295,42,310.47,140,0,0,0,0
296,43,317.0,140,0,0,0,0
297,44,323.36,140,0,0,0,0
298,45,329.21,140,0,0,0,0
299,46,335.1,140,0,0,0,0
300,47,340.89,140,0,0,0,0
301,48,346.67,137,1,3,0,0
302,49,352.52,136,0,0,0,1
303,50,358.33,136,0,0,0,0
304,51,364.08,134,0,2,0,0
305,52,370.18,132,2,0,1,0
306,53,378.04,132,0,0,0,0
307,54,384.39,132,0,0,0,0
308,55,390.69,132,0,0,0,0
309,56,396.73,131,0,0,0,1
310,57,403.25,130,0,0,0,1
311,58,409.62,129,0,0,0,1
312,59,415.62,129,0,0,0,0
313,60,421.87,114,0,15,0,0
314,61,427.95,114,0,0,0,0
315,62,434.94,114,0,0,0,0
316,63,441.5,114,0,0,0,0
317,64,447.49,114,0,0,0,0
318,65,453.38,114,0,0,0,0
319,66,459.35,114,0,0,0,0
320,67,465.79,114,0,0,0,0
321,68,472.29,114,0,0,0,0
322,69,479.73,113,0,0,1,0
323,70,487.88,113,0,0,0,0
324,71,494.56,113,0,0,0,0
325,72,501.17,112,0,0,1,0
326,73,507.59,112,0,0,0,0
327,74,513.61,112,0,0,0,0
328,75,519.54,111,1,0,0,0
329,76,525.86,111,0,0,0,0
330,77,532.23,111,0,0,0,0
331,78,538.24,111,0,0,0,0
332,79,543.92,111,0,0,0,0
333,80,550.05,111,0,0,0,0
334,81,556.25,111,0,0,0,0
335,82,562.08,111,0,0,0,0
336,83,568.45,111,0,0,0,0
337,84,574.71,111,0,0,0,0
338,85,580.75,111,0,0,0,0
339,86,587.16,110,1,0,0,0
340,87,592.8,110,0,0,0,0
341,88,598.76,110,0,0,0,0
342,89,604.82,110,0,0,0,0
343,90,611.33,110,0,0,0,0
344,91,616.96,110,0,0,0,0
345,92,623.11,110,0,0,0,0
346,93,628.91,110,0,0,0,0
347,94,634.45,110,0,0,0,0
348,95,640.35,110,0,0,0,0
349,96,646.27,110,0,0,0,0
350,97,652.08,110,0,0,0,0
351,98,658.26,110,0,0,0,0
352,99,664.21,110,0,0,0,0
353,100,670.39,108,2,0,0,0
354,101,676.31,107,1,0,0,0
355,102,682.36,107,0,0,0,0
356,103,689.03,107,0,0,0,0
357,104,694.65,107,0,0,0,0
358,105,700.22,107,0,0,0,0
359,106,706.97,105,2,0,0,0
360,107,713.0,105,0,0,0,0
361,108,718.91,105,0,0,0,0
362,109,724.38,105,0,0,0,0
363,110,730.53,105,0,0,0,0
364,111,736.77,105,0,0,0,0
365,112,742.38,105,0,0,0,0
366,113,747.78,105,0,0,0,0
367,114,753.34,105,0,0,0,0
368,115,758.78,105,0,0,0,0
369,116,764.31,105,0,0,0,0
370,117,769.77,105,0,0,0,0
371,118,775.16,105,0,0,0,0
372,119,780.56,105,0,0,0,0
373,120,785.98,105,0,0,0,0
374,121,791.43,105,0,0,0,0
375,122,796.84,105,0,0,0,0
376,123,802.25,105,0,0,0,0
377,124,807.74,105,0,0,0,0
378,125,813.23,105,0,0,0,0
379,126,818.64,105,0,0,0,0
380,127,824.11,105,0,0,0,0
381,128,829.54,105,0,0,0,0
382,129,834.98,105,0,0,0,0
383,130,840.44,105,0,0,0,0
384,131,845.86,105,0,0,0,0
385,132,852.07,105,0,0,0,0
386,133,857.67,105,0,0,0,0
387,134,863.53,105,0,0,0,0
388,135,869.39,105,0,0,0,0
389,136,875.35,105,0,0,0,0
390,0,0.0,1320,0,0,0,0
391,1,35.57,277,1043,960,183,199
392,2,45.94,230,47,15,22,19
393,3,55.47,218,5,12,6,10
394,4,64.61,203,11,2,15,10
395,5,73.38,195,3,2,8,5
396,6,82.04,190,4,5,5,5
397,7,90.57,180,2,10,7,5
398,8,99.26,172,1,6,8,5
399,9,108.98,167,3,0,2,5
400,10,118.6,160,7,3,3,2
401,11,127.65,156,3,0,4,2
402,12,135.96,153,0,1,3,2
403,13,145.39,149,1,1,1,4
404,14,153.32,146,2,2,3,0
405,15,162.17,143,0,0,3,2
406,16,170.32,140,3,1,1,2
407,17,177.98,139,0,0,1,1
408,18,185.4,137,0,0,2,1
409,19,192.75,134,0,1,1,3
410,20,200.02,133,0,0,1,0
411,21,207.74,132,0,1,1,0
412,22,214.95,131,0,1,0,1
413,23,222.13,129,0,2,0,1
414,24,229.26,128,0,0,0,1
415,25,236.36,124,0,0,0,4
416,26,243.38,123,0,0,0,1
417,27,250.38,122,0,0,0,1
418,28,257.36,121,1,0,0,0
419,29,264.31,119,2,2,0,1
420,30,271.24,118,0,0,1,1
421,31,278.1,118,0,0,0,0
422,32,285.16,118,0,0,0,0
423,33,292.31,115,3,0,1,0
424,34,299.21,114,1,0,0,0
425,35,306.01,113,0,1,0,0
426,36,312.83,113,0,0,0,0
427,37,319.63,113,0,0,0,0
428,38,326.47,113,0,0,0,0
429,39,333.26,112,0,0,0,1
430,40,340.06,111,0,0,1,0
431,41,347.62,110,1,0,0,0
432,42,354.43,110,0,0,0,0
433,43,361.14,110,0,0,0,0
434,44,367.94,110,0,0,0,0
435,45,374.65,109,0,0,1,0
436,46,381.37,109,0,0,0,0
437,47,388.07,109,0,0,0,0
438,48,394.84,109,0,0,0,0
439,49,401.55,109,0,0,0,0
440,50,408.33,109,0,0,0,0
441,51,415.82,108,0,0,0,1
442,52,423.37,108,0,0,0,0
443,53,430.56,108,0,0,0,0
444,54,440.6,108,0,0,0,0
445,55,449.08,108,0,0,0,0
446,56,455.99,108,0,0,0,0
447,57,462.73,108,0,0,0,0
448,58,469.73,108,0,0,0,0
449,59,477.24,108,0,0,0,0
450,60,484.82,108,0,0,0,0
451,61,491.91,104,4,0,0,0
452,62,498.84,104,0,0,0,0
453,63,506.23,104,0,0,0,0
454,64,513.61,104,0,0,0,0
455,65,521.02,103,0,1,0,0
456,66,529.64,103,0,0,0,0
457,67,537.75,103,0,0,0,0
458,68,546.15,103,0,0,0,0
459,69,553.9,103,0,0,0,0
460,70,560.98,101,0,2,0,0
461,71,568.04,101,0,0,0,0
462,72,574.65,101,0,0,0,0
463,73,581.21,100,0,0,1,0
464,74,587.73,100,0,0,0,0
465,75,594.55,100,0,0,0,0
466,76,601.42,99,0,1,0,0
467,77,608.95,98,0,0,0,1
468,78,616.39,97,0,0,1,1
469,79,624.15,97,0,0,0,0
470,80,631.86,97,0,0,0,0
471,81,639.42,97,0,0,0,0
472,82,646.44,97,0,0,0,0
473,83,653.72,96,1,0,0,0
474,84,660.69,96,0,0,0,0
475,85,668.24,96,0,0,0,0
476,86,675.74,95,0,0,0,1
477,87,683.23,95,0,0,0,0
478,88,692.08,94,0,1,0,0
479,89,701.28,94,0,0,0,0
480,90,710.83,94,0,0,0,0
481,91,719.03,89,0,5,0,0
482,92,725.95,89,0,0,0,0
483,93,733.15,89,0,0,0,0
484,94,740.51,89,0,0,0,0
485,95,747.42,89,0,0,0,0
486,96,754.74,89,0,0,0,0
487,97,761.09,89,0,0,0,0
488,98,767.35,89,0,0,0,0
489,99,774.74,89,0,0,0,0
490,100,782.27,89,0,0,0,0
491,101,790.56,89,0,0,0,0
492,102,797.34,89,0,0,0,0
493,103,803.9,89,0,0,0,0
494,104,811.01,89,0,0,0,0
495,105,818.96,89,0,0,0,0
496,106,826.72,89,0,0,0,0
497,107,834.21,89,0,0,0,0
498,108,842.46,89,0,0,0,0
499,109,850.26,89,0,0,0,0
500,110,857.42,89,0,0,0,0
501,111,864.86,89,0,0,0,0
502,112,872.76,89,0,0,0,0
503,113,879.01,89,0,0,0,0
504,114,885.52,88,0,0,1,0
505,115,892.62,88,0,0,0,0
506,116,899.17,88,0,0,0,0
507,117,905.32,88,0,0,0,0
508,118,911.52,88,0,0,0,0
509,119,918.75,88,0,0,0,0
510,120,925.65,88,0,0,0,0
511,121,932.25,88,0,0,0,0
512,122,939.43,88,0,0,0,0
513,123,946.63,88,0,0,0,0
514,124,952.84,88,0,0,0,0
515,125,959.03,88,0,0,0,0
516,126,965.18,88,0,0,0,0
517,127,971.46,88,0,0,0,0
518,128,977.79,88,0,0,0,0
519,129,984.05,88,0,0,0,0
520,130,990.75,88,0,0,0,0
521,131,997.15,88,0,0,0,0
522,132,1003.48,88,0,0,0,0
523,133,1009.97,87,0,1,0,0
524,134,1016.41,86,0,0,0,1
525,135,1022.65,85,0,0,0,1
526,136,1028.84,85,0,0,0,0
527,137,1034.97,85,0,0,0,0
528,138,1041.29,85,0,0,0,0
529,139,1047.61,85,0,0,0,0
530,140,1053.75,85,0,0,0,0
531,141,1059.9,84,0,0,0,1
532,142,1066.05,84,0,0,0,0
533,143,1073.12,83,0,0,0,1
534,144,1079.24,83,0,0,0,0
535,145,1085.41,83,0,0,0,0
536,146,1091.51,83,0,0,0,0
537,147,1097.61,83,0,0,0,0
538,148,1103.95,83,0,0,0,0
539,149,1110.03,83,0,0,0,0
540,150,1116.2,83,0,0,0,0
541,151,1122.32,83,0,0,0,0
542,152,1128.4,83,0,0,0,0
543,153,1134.58,83,0,0,0,0
544,154,1140.68,83,0,0,0,0
545,155,1146.78,83,0,0,0,0
546,156,1152.92,83,0,0,0,0
547,157,1158.95,83,0,0,0,0
548,158,1165.09,83,0,0,0,0
549,159,1171.19,83,0,0,0,0
550,160,1177.37,83,0,0,0,0
551,161,1183.7,83,0,0,0,0
552,162,1189.94,83,0,0,0,0
553,163,1196.11,83,0,0,0,0
554,164,1202.32,83,0,0,0,0
555,165,1208.48,83,0,0,0,0
556,166,1214.65,83,0,0,0,0
557,167,1220.79,83,0,0,0,0
558,168,1226.88,82,0,0,0,1
559,169,1232.95,82,0,0,0,0
560,170,1239.01,82,0,0,0,0
561,171,1245.6,82,0,0,0,0
562,172,1252.77,82,0,0,0,0
563,173,1260.17,82,0,0,0,0
564,174,1266.31,82,0,0,0,0
565,175,1272.42,82,0,0,0,0
566,176,1278.51,82,0,0,0,0
567,177,1284.89,82,0,0,0,0
568,178,1290.97,82,0,0,0,0
569,179,1297.05,82,0,0,0,0
570,180,1303.18,82,0,0,0,0
571,181,1309.3,82,0,0,0,0
572,182,1315.73,82,0,0,0,0
573,183,1321.85,82,0,0,0,0
574,184,1327.97,82,0,0,0,0
575,185,1334.11,82,0,0,0,0
576,186,1340.41,82,0,0,0,0
577,187,1346.6,82,0,0,0,0
578,188,1352.7,82,0,0,0,0
579,189,1358.81,82,0,0,0,0
580,190,1364.94,82,0,0,0,0
581,191,1370.99,82,0,0,0,0
582,192,1377.11,82,0,0,0,0
583,193,1383.16,82,0,0,0,0
584,194,1389.22,82,0,0,0,0
585,195,1395.28,82,0,0,0,0
586,196,1401.38,82,0,0,0,0
587,197,1407.43,82,0,0,0,0
588,198,1413.55,82,0,0,0,0
589,0,0.0,1190,0,0,0,0
590,1,44.29,274,901,916,129,122
591,2,57.75,253,13,10,19,21
592,3,70.38,239,7,6,10,14
593,4,82.71,224,2,15,8,8
594,5,94.51,211,13,12,7,4
595,6,105.83,192,1,19,7,7
596,7,116.48,185,6,1,7,4
597,8,127.01,173,5,0,7,12
598,9,137.06,166,2,7,5,6
599,10,146.84,161,5,1,4,5
600,11,156.5,154,2,0,7,4
601,12,165.85,149,0,2,4,5
602,13,175.12,147,2,0,2,0
603,14,184.33,145,1,1,2,2
604,15,193.39,141,0,2,2,4
605,16,202.63,139,0,1,0,2
606,17,212.47,138,0,0,1,1
607,18,221.42,134,0,4,0,1
608,19,230.22,131,0,0,2,3
609,20,238.88,129,0,0,2,1
610,21,247.42,127,1,0,2,2
611,22,255.87,124,0,0,3,2
612,23,264.22,124,0,0,0,0
613,24,272.64,124,0,0,0,0
614,25,281.03,121,0,3,0,0
615,26,289.3,120,0,0,1,0
616,27,297.52,119,0,0,1,0
617,28,305.7,119,0,0,0,0
618,29,313.9,118,0,0,0,1
619,30,322.17,118,0,0,0,0
620,31,330.35,118,0,0,0,0
621,32,338.51,118,0,0,0,0
622,33,346.67,118,0,0,0,0
623,34,354.85,117,0,1,0,1
624,35,363.0,116,0,0,0,1
625,36,371.24,116,0,0,0,0
626,37,379.49,115,1,0,0,0
627,38,388.41,115,0,0,0,0
628,39,396.53,111,0,4,0,0
629,40,404.49,111,0,0,0,0
630,41,412.35,111,0,0,0,0
631,42,420.19,111,0,0,0,0
632,43,428.22,110,0,0,1,0
633,44,436.28,109,1,0,1,0
634,45,444.19,108,0,0,1,1
635,46,452.09,108,0,0,0,0
636,47,459.96,108,0,0,0,0
637,48,467.87,108,0,0,0,0
638,49,475.76,108,0,0,0,0
639,50,483.57,108,0,0,0,0
640,51,491.45,108,0,0,0,0
641,52,499.98,107,0,0,0,1
642,53,508.89,107,0,0,0,0
643,54,517.01,107,0,0,0,0
644,55,524.8,106,0,0,0,1
645,56,532.67,106,0,0,0,0
646,57,540.41,106,0,0,0,0
647,58,548.22,106,0,0,0,0
648,59,556.04,106,0,0,0,0
649,60,563.83,106,0,0,0,0
650,61,572.5,106,0,0,0,0
651,62,580.32,106,0,0,0,0
652,63,588.13,106,0,0,0,0
653,64,595.84,106,0,0,0,0
654,65,603.72,106,0,0,0,0
655,66,611.82,106,0,0,0,0
656,67,619.6,106,0,0,0,0
657,68,627.33,97,0,9,0,1
658,69,634.77,97,0,0,0,0
659,70,642.28,97,0,0,0,0
660,71,649.98,96,0,0,1,0
661,72,657.4,96,0,0,0,0
662,73,664.93,96,0,0,0,0
663,74,672.47,96,0,0,0,0
664,75,680.0,96,0,0,0,0
665,76,687.4,96,0,0,0,0
666,77,694.84,96,0,0,0,0
667,78,702.31,95,0,1,0,0
668,79,709.79,95,0,0,0,0
669,80,717.24,95,0,0,0,0
670,81,724.62,95,0,0,0,0
671,82,732.0,95,0,0,0,0
672,83,739.43,95,0,0,0,0
673,84,747.05,95,0,0,0,0
674,85,755.88,95,0,0,0,0
675,86,763.24,95,0,0,0,0
676,87,770.58,95,0,0,0,0
677,88,777.98,95,0,0,0,0
678,89,785.34,95,0,0,0,0
679,90,792.8,95,0,0,0,0
680,91,800.41,95,0,0,0,0
681,92,807.91,95,0,0,0,0
682,93,815.35,95,0,0,0,0
683,94,822.87,94,0,1,0,0
684,95,830.34,94,0,0,0,0
685,96,837.79,94,0,0,0,0
686,97,845.19,93,0,0,1,1
687,98,852.63,92,0,0,0,1
688,99,859.88,90,0,0,0,2
689,100,867.19,90,0,0,0,0
690,101,874.46,90,0,0,0,0
691,102,881.69,89,0,0,0,1
692,103,888.83,89,0,0,0,0
693,104,896.02,89,0,0,0,0
694,105,903.23,89,0,0,0,0
695,106,910.44,89,0,0,0,0
696,107,917.62,89,0,0,0,0
697,108,924.79,89,0,0,0,0
698,109,932.46,89,0,0,0,0
699,110,939.9,89,0,0,0,0
700,111,947.19,89,0,0,0,0
701,112,954.34,89,0,0,0,0
702,113,961.51,89,0,0,0,0
703,114,968.88,89,0,0,0,0
704,115,976.03,89,0,0,0,0
705,116,983.3,87,0,2,0,0
706,117,990.53,87,0,0,0,0
707,118,997.65,87,0,0,0,0
708,119,1004.74,87,0,0,0,0
709,120,1011.87,87,0,0,0,0
710,121,1019.06,87,0,0,0,0
711,122,1026.22,87,0,0,0,0
712,123,1033.3,87,0,0,0,0
713,124,1040.42,87,0,0,0,0
714,125,1047.59,87,0,0,0,0
715,126,1054.76,87,0,0,0,0
716,127,1061.89,87,0,0,0,0
717,128,1069.11,87,0,0,0,0
718,129,1076.22,87,0,0,0,0
719,130,1083.38,87,0,0,0,0
720,131,1090.46,87,0,0,0,0
721,132,1097.73,87,0,0,0,0
722,133,1104.97,87,0,0,0,0
723,134,1112.23,87,0,0,0,0
724,135,1120.17,87,0,0,0,0
725,136,1127.27,87,0,0,0,0
726,137,1134.42,87,0,0,0,0
727,138,1141.51,87,0,0,0,0
728,139,1148.65,87,0,0,0,0
729,140,1155.71,87,0,0,0,0
730,141,1162.85,83,0,4,0,0
731,142,1169.82,83,0,0,0,0
732,143,1176.87,83,0,0,0,0
733,144,1183.93,83,0,0,0,0
734,145,1190.96,83,0,0,0,0
735,146,1198.0,83,0,0,0,0
736,147,1204.97,83,0,0,0,0
737,148,1211.98,83,0,0,0,0
738,149,1218.96,83,0,0,0,0
739,150,1225.95,83,0,0,0,0
740,151,1232.94,83,0,0,0,0
741,152,1239.94,83,0,0,0,0
742,153,1246.96,83,0,0,0,0
743,154,1253.94,83,0,0,0,0
744,155,1261.08,83,0,0,0,0
745,156,1268.22,83,0,0,0,0
746,157,1275.36,83,0,0,0,0
747,158,1282.37,83,0,0,0,0
748,159,1289.38,83,0,0,0,0
749,160,1297.05,83,0,0,0,0
750,161,1304.12,83,0,0,0,0
751,162,1311.19,83,0,0,0,0
752,163,1318.19,83,0,0,0,0
753,164,1325.15,83,0,0,0,0
754,165,1332.13,82,0,0,1,0
755,166,1339.15,82,0,0,0,0
756,167,1346.23,82,0,0,0,0
757,168,1353.2,82,0,0,0,0
758,169,1360.13,82,0,0,0,0
759,170,1367.15,82,0,0,0,0
760,171,1374.12,82,0,0,0,0
761,172,1381.15,81,0,1,0,0
762,173,1388.09,81,0,0,0,0
763,174,1395.12,81,0,0,0,0
764,175,1402.35,81,0,0,0,0
765,176,1409.36,81,0,0,0,0
766,177,1416.36,81,0,0,0,0
767,178,1423.31,81,0,0,0,0
768,179,1430.28,81,0,0,0,0
769,180,1437.22,81,0,0,0,0
770,181,1444.19,81,0,0,0,0
771,182,1451.17,81,0,0,0,0
772,183,1458.13,81,0,0,0,0
773,184,1465.11,81,0,0,0,0
774,185,1472.06,81,0,0,0,0
775,186,1479.77,81,0,0,0,0
776,187,1486.76,81,0,0,0,0
777,188,1493.67,81,0,0,0,0
778,189,1500.69,81,0,0,0,0
779,190,1507.68,81,0,0,0,0
780,191,1514.64,81,0,0,0,0
781,192,1521.63,81,0,0,0,0
782,193,1528.71,81,0,0,0,0
783,194,1535.67,81,0,0,0,0
784,195,1542.56,81,0,0,0,0
785,196,1549.57,81,0,0,0,0
786,197,1556.49,81,0,0,0,0
787,198,1563.37,81,0,0,0,0
788,199,1570.46,81,0,0,0,0
789,200,1577.5,81,0,0,0,0
790,201,1584.57,81,0,0,0,0
791,202,1591.49,81,0,0,0,0
792,0,0.0,1481,0,0,0,0
793,1,71.25,227,1254,1251,196,189
794,2,85.76,200,17,27,15,16
795,3,99.21,177,12,23,20,13
796,4,111.69,160,8,5,17,12
797,5,123.22,152,7,6,7,8
798,6,134.31,144,1,1,7,8
799,7,144.97,140,1,0,1,4
800,8,155.48,136,1,4,2,4
801,9,165.88,132,4,1,3,4
802,10,176.04,129,0,0,2,3
803,11,185.97,126,0,1,3,2
804,12,195.84,123,0,0,3,2
805,13,205.63,118,0,5,0,3
806,14,215.27,114,1,0,2,4
807,15,224.64,112,0,0,0,2
808,16,233.88,111,0,0,0,1
809,17,243.07,110,0,0,0,1
810,18,253.13,108,0,0,2,0
811,19,262.24,105,0,3,0,2
812,20,271.25,105,0,0,0,0
813,21,280.34,103,0,0,2,0
814,22,289.38,102,0,0,0,1
815,23,298.52,102,0,0,0,0
816,24,307.35,100,0,0,2,0
817,25,316.1,99,0,0,0,1
818,26,324.78,99,0,0,0,0
819,27,333.5,99,0,0,0,0
820,28,342.15,99,0,0,0,0
821,29,350.94,99,0,0,0,0
822,30,361.14,98,0,0,1,0
823,31,370.5,98,0,0,0,0
824,32,380.46,98,0,0,0,0
825,33,389.46,97,0,0,0,1
826,34,398.15,96,0,1,0,0
827,35,407.87,95,0,0,1,0
828,36,420.94,95,0,0,0,0
829,37,430.52,94,0,0,0,1
830,38,440.31,92,0,0,1,2
831,39,448.79,92,0,0,0,0
832,40,457.44,92,0,0,0,0
833,41,465.99,90,0,0,2,1
834,42,476.96,89,0,0,1,0
835,43,485.62,88,0,0,1,0
836,44,493.75,87,0,1,0,1
837,45,501.86,87,0,0,0,0
838,46,509.96,86,0,0,0,1
839,47,518.87,85,0,0,0,1
840,48,526.8,85,0,0,0,0
841,49,534.76,85,0,0,0,0
842,50,542.93,85,0,0,0,0
843,51,551.29,85,0,0,0,0
844,52,559.6,85,0,0,0,0
845,53,568.07,85,0,0,0,0
846,54,577.74,85,0,0,0,0
847,55,587.18,85,0,0,0,0
848,56,595.35,85,0,0,0,0
849,57,603.8,85,0,0,0,0
850,58,612.1,82,0,0,3,0
851,59,621.0,81,0,0,1,0
852,60,629.07,81,0,0,0,0
853,61,637.42,80,0,0,1,0
854,62,645.7,80,0,0,0,0
855,63,653.8,80,0,0,0,0
856,64,661.78,80,0,0,0,0
857,65,669.94,80,0,0,0,0
858,66,678.22,80,0,0,0,0
859,67,686.48,80,0,0,0,0
860,68,694.75,80,0,0,0,0
861,69,702.94,80,0,0,0,0
862,70,712.83,80,0,0,0,0
863,71,722.05,80,0,0,0,0
864,72,730.92,80,0,0,0,0
865,73,739.57,80,0,0,0,0
866,74,747.75,80,0,0,0,0
867,75,755.57,80,0,0,0,0
868,76,763.25,80,0,0,0,0
869,77,770.96,80,0,0,0,0
870,78,778.63,80,0,0,0,0
871,79,786.3,80,0,0,0,0
872,80,794.02,75,5,0,0,0
873,81,801.54,75,0,0,0,0
874,82,809.24,75,0,0,0,0
875,83,817.24,75,0,0,0,0
876,84,824.77,75,0,0,0,0
877,85,832.2,75,0,0,0,0
878,86,839.71,75,0,0,0,0
879,87,847.11,75,0,0,0,0
880,88,854.57,75,0,0,0,0
881,89,862.16,75,0,0,0,0
882,90,869.56,75,0,0,0,0
883,91,877.06,75,0,0,0,0
884,92,884.51,75,0,0,0,0
885,93,891.96,75,0,0,0,0
886,94,899.59,75,0,0,0,0
887,95,907.01,75,0,0,0,0
888,96,914.55,75,0,0,0,0
889,97,921.98,75,0,0,0,0
890,98,929.4,75,0,0,0,0
891,99,936.86,74,0,0,1,0
892,100,944.3,74,0,0,0,0
893,101,951.69,74,0,0,0,0
894,102,959.19,74,0,0,0,0
895,103,966.62,74,0,0,0,0
896,104,974.02,74,0,0,0,0
897,105,981.49,74,0,0,0,0
898,106,989.0,74,0,0,0,0
899,107,996.37,74,0,0,0,0
900,108,1004.0,74,0,0,0,0
901,109,1011.94,74,0,0,0,0
902,110,1019.97,74,0,0,0,0
903,111,1027.48,74,0,0,0,0
904,112,1035.08,74,0,0,0,0
905,113,1042.6,74,0,0,0,0
906,114,1050.03,74,0,0,0,0
907,115,1058.0,74,0,0,0,0
908,116,1067.48,74,0,0,0,0
909,117,1076.62,74,0,0,0,0
910,118,1085.95,74,0,0,0,0
911,119,1093.73,74,0,0,0,0
912,120,1101.6,74,0,0,0,0
913,121,1109.56,74,0,0,0,0
914,122,1117.07,74,0,0,0,0
915,123,1124.56,74,0,0,0,0
916,124,1132.04,74,0,0,0,0
917,125,1139.6,74,0,0,0,0
918,126,1147.02,74,0,0,0,0
919,127,1154.51,74,0,0,0,0
920,128,1161.92,74,0,0,0,0
921,129,1169.32,74,0,0,0,0
922,0,0.0,1440,0,0,0,0
923,1,91.78,201,1239,1228,257,274
924,2,112.14,176,7,12,25,17
925,3,132.44,164,2,4,12,10
926,4,145.6,152,8,8,12,5
927,5,158.21,147,3,2,5,4
928,6,169.59,142,0,5,4,5
929,7,180.24,133,3,9,2,4
930,8,190.98,126,7,6,1,3
931,9,202.19,121,3,1,5,2
932,10,214.73,117,2,0,4,2
933,11,226.3,115,2,2,1,2
934,12,237.19,110,2,0,3,5
935,13,247.86,107,0,0,3,0
936,14,258.49,106,1,1,1,0
937,15,269.53,103,0,3,0,3
938,16,280.34,101,0,0,1,2
939,17,290.44,97,1,1,4,2
940,18,300.17,96,0,1,0,1
941,19,309.94,95,1,0,1,0
942,20,320.4,93,1,0,2,0
943,21,330.61,91,0,2,1,1
944,22,340.13,90,1,1,0,1
945,23,349.6,89,0,0,1,1
946,24,359.18,87,2,0,0,1
947,25,369.27,86,0,1,1,0
948,26,378.98,85,0,0,0,1
949,27,389.2,85,0,0,0,0
950,28,398.61,84,1,0,1,0
951,29,408.02,81,0,0,3,0
952,30,416.85,81,0,0,0,0
953,31,425.92,80,0,1,0,0
954,32,435.03,79,0,0,1,0
955,33,444.64,78,1,0,0,1
956,34,454.38,78,0,0,0,0
957,35,463.61,77,0,0,1,0
958,36,473.07,77,0,0,0,0
959,37,482.16,76,0,0,1,0
960,38,490.9,75,0,0,0,1
961,39,500.38,75,0,0,0,0
962,40,509.24,75,0,0,0,0
963,41,518.38,75,0,0,0,0
964,42,527.63,74,0,0,1,1
965,43,536.88,73,0,0,1,0
966,44,545.93,73,0,0,0,0
967,45,554.73,73,0,0,0,0
968,46,563.96,73,0,0,0,0
969,47,573.09,73,0,0,0,0
970,48,581.76,73,0,0,0,0
971,49,590.61,73,0,0,0,0
972,50,599.75,73,0,0,0,0
973,51,608.98,73,0,0,0,0
974,52,618.23,73,0,0,0,0
975,53,627.21,73,0,0,0,0
976,54,635.91,73,0,0,0,0
977,55,644.74,73,0,0,0,0
978,56,653.82,73,0,0,0,0
979,57,662.81,73,0,0,0,0
980,58,672.05,73,0,0,0,0
981,59,680.5,73,0,0,0,0
982,60,689.32,73,0,0,0,0
983,61,697.85,73,0,0,0,0
984,62,706.4,73,0,0,0,0
985,63,714.95,73,0,0,0,0
986,64,723.37,73,0,0,0,0
987,65,731.89,73,0,0,0,0
988,66,740.62,73,0,0,0,0
989,67,749.2,73,0,0,0,0
990,68,757.53,73,0,0,0,0
991,69,765.99,73,0,0,0,0
992,70,774.65,73,0,0,0,0
993,71,782.98,73,0,0,0,0
994,72,791.28,73,0,0,0,0
995,73,799.85,73,0,0,0,0
996,0,0.0,1261,0,0,0,0
997,1,92.57,199,1048,1062,121,130
998,2,110.64,176,23,12,11,12
999,3,128.71,157,5,19,12,10
1000,4,145.18,144,2,9,11,13
1001,5,160.09,137,6,6,7,5
1002,6,173.21,130,5,7,5,2
1003,7,185.99,125,1,1,5,2
1004,8,198.36,123,0,1,0,2
1005,9,210.81,118,0,5,1,2
1006,10,222.81,113,1,3,5,5
1007,11,234.67,110,1,3,2,3
1008,12,246.33,109,0,0,1,1
1009,13,257.73,107,2,1,1,1
1010,14,269.06,104,0,0,3,1
1011,15,280.34,103,0,1,1,1
1012,16,291.34,100,1,0,1,3
1013,17,302.06,99,0,1,1,0
1014,18,312.74,96,1,1,1,3
1015,19,323.21,94,0,2,1,2
1016,20,334.25,92,0,0,0,2
1017,21,344.56,92,0,0,0,0
1018,22,354.77,91,0,0,1,0
1019,23,365.09,90,0,0,0,1
1020,24,375.39,90,0,0,0,0
1021,25,385.76,90,0,0,0,0
1022,26,396.3,89,1,0,0,0
1023,27,407.7,88,0,0,1,0
1024,28,418.75,88,0,0,0,0
1025,29,429.84,88,0,0,0,0
1026,30,440.75,88,0,0,0,0
1027,31,451.69,88,0,0,0,0
1028,32,462.47,88,0,0,0,0
1029,33,473.23,88,0,0,0,0
1030,34,484.48,87,0,1,0,0
1031,35,495.7,87,0,0,0,0
1032,36,506.97,87,0,0,0,0
1033,37,518.65,86,0,1,0,0
1034,38,528.82,86,0,0,0,0
1035,39,539.65,86,0,0,0,0
1036,40,551.39,86,0,0,0,0
1037,41,562.0,86,0,0,0,0
1038,42,572.14,86,0,0,0,0
1039,43,582.62,86,0,0,0,0
1040,44,592.71,86,0,0,0,0
1041,45,603.42,86,0,0,0,0
1042,46,614.46,80,0,6,0,0
1043,47,624.19,80,0,0,0,0
1044,48,634.02,80,0,0,0,0
1045,49,643.66,80,0,0,0,0
1046,50,654.06,79,1,0,0,0
1047,51,664.25,79,0,0,0,0
1048,52,674.46,79,0,0,0,0
1049,53,685.33,79,0,0,0,0
1050,54,695.69,79,0,0,0,0
1051,55,705.53,79,0,0,0,0
1052,56,715.78,79,0,0,0,0
1053,57,725.35,79,0,0,0,0
1054,58,734.94,78,0,0,0,1
1055,59,744.67,77,0,1,0,0
1056,60,754.16,77,0,0,0,0
1057,61,763.62,77,0,0,0,0
1058,62,773.48,77,0,0,0,0
1059,63,783.8,77,0,0,0,0
1060,64,793.64,77,0,0,0,0
1061,65,803.44,77,0,0,0,0
1062,66,813.08,76,1,0,0,0
1063,67,823.16,76,0,0,0,0
1064,68,833.05,76,0,0,0,0
1065,69,842.83,76,0,0,0,0
1066,70,852.26,76,0,0,0,0
1067,71,861.6,76,0,0,0,0
1068,72,871.09,76,0,0,0,0
1069,73,880.61,76,0,0,0,0
1070,74,890.01,76,0,0,0,0
1071,75,899.45,75,0,0,0,1
1072,76,908.82,75,0,0,0,0
1073,77,918.13,75,0,0,0,0
1074,78,927.61,75,0,0,0,0
1075,79,936.94,75,0,0,0,0
1076,80,946.25,75,0,0,0,0
1077,81,955.52,75,0,0,0,0
1078,82,964.84,75,0,0,0,0
1079,83,974.1,75,0,0,0,0
1080,84,983.41,75,0,0,0,0
1081,85,992.6,75,0,0,0,0
1082,86,1002.19,75,0,0,0,0
1083,87,1012.17,75,0,0,0,0
1084,88,1021.41,75,0,0,0,0
1085,89,1030.74,75,0,0,0,0
1086,90,1040.03,75,0,0,0,0
1087,91,1049.45,75,0,0,0,0
1088,92,1058.81,75,0,0,0,0
1089,93,1068.09,75,0,0,0,0
1090,94,1077.43,75,0,0,0,0
1091,95,1086.69,75,0,0,0,0
1092,96,1096.03,75,0,0,0,0
1093,97,1105.41,75,0,0,0,0
1094,98,1114.69,75,0,0,0,0
1095,99,1123.9,75,0,0,0,0
1096,100,1133.25,74,1,0,0,0
1097,101,1142.68,74,0,0,0,0
1098,102,1152.04,74,0,0,0,0
1099,103,1161.54,74,0,0,0,0
1100,104,1170.91,74,0,0,0,0
1101,105,1180.4,74,0,0,0,0
1102,106,1190.38,74,0,0,0,0
1103,107,1199.6,74,0,0,0,0
1104,108,1208.71,74,0,0,0,0
1105,109,1217.79,74,0,0,0,0
1106,110,1227.03,74,0,0,0,0
1107,111,1236.07,74,0,0,0,0
1108,112,1246.28,74,0,0,0,0
1109,113,1256.45,74,0,0,0,0
1110,114,1266.74,74,0,0,0,0
1111,115,1277.01,74,0,0,0,0
1112,116,1286.69,74,0,0,0,0
1113,117,1296.07,74,0,0,0,0
1114,118,1305.95,74,0,0,0,0
1115,119,1315.06,74,0,0,0,0
1116,120,1324.03,74,0,0,0,0
1117,121,1333.1,74,0,0,0,0
1118,122,1342.12,74,0,0,0,0
1119,123,1351.27,74,0,0,0,0
1120,124,1360.99,74,0,0,0,0
1121,125,1370.5,73,0,0,1,0
1122,126,1379.53,73,0,0,0,0
1123,127,1388.6,73,0,0,0,0
1124,128,1397.69,73,0,0,0,0
1125,129,1406.63,73,0,0,0,0
1126,130,1415.57,72,0,0,1,0
1127,131,1424.59,72,0,0,0,0
1128,132,1433.66,72,0,0,0,0
1129,133,1442.85,72,0,0,0,0
1130,134,1451.7,72,0,0,0,0
1131,135,1460.62,72,0,0,0,0
1132,136,1469.66,72,0,0,0,0
1133,137,1478.79,72,0,0,0,0
1134,138,1488.13,72,0,0,0,0
1135,139,1497.09,72,0,0,0,0
1136,140,1506.06,72,0,0,0,0
1137,141,1514.93,72,0,0,0,0
1138,142,1523.9,72,0,0,0,0
1139,143,1532.74,72,0,0,0,0
1140,144,1541.69,72,0,0,0,0
1141,145,1551.07,72,0,0,0,0
1142,146,1559.99,72,0,0,0,0
1143,147,1568.96,72,0,0,0,0
1144,148,1577.85,72,0,0,0,0
1145,149,1586.76,72,0,0,0,0
1146,150,1595.77,72,0,0,0,0
1147,151,1604.76,72,0,0,0,0
1148,152,1613.68,72,0,0,0,0
1149,153,1622.57,72,0,0,0,0
1150,154,1631.53,72,0,0,0,0
1151,155,1640.5,72,0,0,0,0
1152,156,1649.52,72,0,0,0,0
1153,157,1658.51,72,0,0,0,0
1154,158,1667.43,72,0,0,0,0
1155,159,1676.4,72,0,0,0,0
1156,160,1685.28,72,0,0,0,0
1157,0,0.0,1338,0,0,0,0
1158,1,106.66,173,1165,1146,203,196
1159,2,124.17,154,5,4,16,19
1160,3,140.16,146,1,7,8,8
1161,4,155.43,142,2,4,4,4
1162,5,170.54,138,2,2,4,2
1163,6,185.2,134,3,3,4,1
1164,7,199.73,131,3,1,0,3
1165,8,214.91,128,3,1,3,3
1166,9,229.49,125,1,3,2,2
1167,10,243.28,118,1,7,3,2
1168,11,256.58,116,0,1,2,2
1169,12,269.6,113,0,1,1,3
1170,13,282.48,110,0,2,3,2
1171,14,295.05,107,3,0,0,1
1172,15,307.67,106,0,0,1,0
1173,16,319.94,105,0,0,1,1
1174,17,332.22,105,0,0,0,0
1175,18,344.45,105,0,0,0,0
1176,19,356.97,102,0,3,0,0
1177,20,369.13,102,0,0,0,0
1178,21,381.35,101,1,0,0,1
1179,22,393.29,101,0,0,0,0
1180,23,405.3,99,2,1,0,0
1181,24,417.52,99,0,0,0,0
1182,25,429.37,97,0,2,0,0
1183,26,440.98,97,0,0,0,0
1184,27,452.77,96,0,0,1,0
1185,28,464.34,95,1,0,0,0
1186,29,475.96,94,1,0,0,1
1187,30,487.33,94,0,0,0,0
1188,31,499.7,94,0,0,0,0
1189,32,511.1,94,0,0,0,0
1190,33,522.68,94,0,0,0,0
1191,34,534.09,93,1,0,0,0
1192,35,545.45,92,0,1,0,0
1193,36,556.91,91,0,0,1,1
1194,37,568.07,91,0,0,0,0
1195,38,579.2,90,0,0,1,0
1196,39,590.94,90,0,0,0,0
1197,40,602.03,89,0,0,0,1
1198,41,613.06,89,0,0,0,0
1199,42,623.99,84,0,5,0,0
1200,43,634.58,84,0,0,0,0
1201,44,645.38,84,0,0,0,0
1202,45,656.29,84,0,0,0,0
1203,46,667.55,84,0,0,0,0
1204,47,679.09,84,0,0,0,0
1205,48,689.88,84,0,0,0,0
1206,49,700.54,84,0,0,0,0
1207,50,711.28,84,0,0,0,0
1208,51,721.91,84,0,0,0,0
1209,52,732.89,84,0,0,0,0
1210,53,743.57,84,0,0,0,0
1211,54,754.19,84,0,0,0,0
1212,55,765.19,84,0,0,0,0
1213,56,776.39,84,0,0,0,0
1214,57,787.06,84,0,0,0,0
1215,58,797.79,84,0,0,0,0
1216,59,808.54,84,0,0,0,0
1217,60,819.16,84,0,0,0,0
1218,61,829.9,84,0,0,0,0
1219,62,840.62,84,0,0,0,0
1220,63,851.26,84,0,0,0,0
1221,64,861.93,84,0,0,0,0
1222,65,872.49,83,1,0,0,0
1223,66,883.02,82,0,0,0,1
1224,67,893.57,82,0,0,0,0
1225,68,904.05,82,0,0,0,0
1226,69,914.57,82,0,0,0,0
1227,70,925.23,82,0,0,0,0
1228,71,935.95,82,0,0,0,0
1229,72,946.45,82,0,0,0,0
1230,73,957.76,81,1,0,0,0
1231,74,968.14,80,0,1,0,0
1232,75,978.59,80,0,0,0,0
1233,76,988.88,80,0,0,0,0
1234,77,999.35,80,0,0,0,0
1235,78,1009.76,79,0,0,1,1
1236,79,1020.14,78,1,0,0,0
1237,80,1030.48,78,0,0,0,0
1238,81,1040.76,78,0,0,0,0
1239,82,1051.06,78,0,0,0,0
1240,83,1061.28,78,0,0,0,0
1241,84,1071.5,77,0,0,1,0
1242,85,1081.68,77,0,0,0,0
1243,86,1091.8,77,0,0,0,0
1244,87,1101.93,77,0,0,0,0
1245,88,1112.07,77,0,0,0,0
1246,89,1122.14,77,0,0,0,0
1247,90,1132.72,77,0,0,0,0
1248,91,1142.76,77,0,0,0,0
1249,92,1152.87,77,0,0,0,0
1250,93,1163.06,77,0,0,0,0
1251,94,1173.29,77,0,0,0,0
1252,95,1183.46,77,0,0,0,0
1253,96,1193.51,77,0,0,0,0
1254,97,1203.62,77,0,0,0,0
1255,98,1213.68,77,0,0,0,0
1256,99,1223.76,77,0,0,0,0
1257,100,1233.97,77,0,0,0,0
1258,101,1244.04,76,0,0,0,1
1259,102,1254.28,76,0,0,0,0
1260,103,1264.37,76,0,0,0,0
1261,104,1274.41,76,0,0,0,0
1262,105,1284.41,76,0,0,0,0
1263,106,1294.48,76,0,0,0,0
1264,107,1304.41,76,0,0,0,0
1265,108,1315.09,76,0,0,0,0
1266,109,1325.21,75,1,0,0,0
1267,110,1335.12,75,0,0,0,0
1268,111,1345.08,75,0,0,0,0
1269,112,1354.98,75,0,0,0,0
1270,113,1365.07,75,0,0,0,0
1271,114,1375.12,74,1,0,0,0
1272,115,1384.95,73,0,0,1,0
1273,116,1394.72,73,0,0,0,0
1274,117,1404.63,72,0,0,1,0
1275,118,1414.48,71,0,0,1,0
1276,119,1424.08,71,0,0,0,0
1277,120,1433.74,71,0,0,0,0
1278,121,1443.48,71,0,0,0,0
1279,122,1453.16,71,0,0,0,0
1280,123,1462.79,71,0,0,0,0
1281,124,1472.55,71,0,0,0,0
1282,125,1482.27,71,0,0,0,0
1283,126,1492.51,71,0,0,0,0
1284,127,1502.27,71,0,0,0,0
1285,128,1511.88,71,0,0,0,0
1286,129,1521.55,71,0,0,0,0
1287,130,1531.3,71,0,0,0,0
1288,131,1541.02,71,0,0,0,0
1289,132,1550.91,71,0,0,0,0
1290,133,1560.64,71,0,0,0,0
1291,134,1570.33,71,0,0,0,0
1292,135,1580.02,71,0,0,0,0
1293,136,1589.89,71,0,0,0,0
1294,137,1599.65,71,0,0,0,0
1295,138,1609.44,71,0,0,0,0
1296,139,1619.17,71,0,0,0,0
1297,140,1628.82,71,0,0,0,0
1298,141,1638.57,71,0,0,0,0
1299,142,1648.31,71,0,0,0,0
1300,143,1657.97,71,0,0,0,0
1301,144,1667.94,71,0,0,0,0
1302,145,1678.13,71,0,0,0,0
1303,146,1687.75,71,0,0,0,0
1304,147,1697.47,71,0,0,0,0
1305,148,1707.12,71,0,0,0,0
1306,0,0.0,1254,0,0,0,0
1307,1,111.4,166,1061,1088,208,199
1308,2,129.94,149,4,17,13,14
1309,3,147.68,137,6,0,12,9
1310,4,163.73,126,1,0,10,11
1311,5,178.86,120,0,6,5,3
1312,6,193.28,104,16,0,2,7
1313,7,206.68,98,1,0,6,3
1314,8,219.3,97,0,0,1,0
1315,9,231.99,95,0,0,1,2
1316,10,244.56,94,1,0,0,1
1317,11,256.97,94,0,0,0,0
1318,12,269.26,92,0,0,2,0
1319,13,281.51,91,0,0,0,1
1320,14,293.55,90,1,0,1,0
1321,15,305.59,89,1,0,0,1
1322,16,317.66,89,0,0,0,0
1323,17,330.05,87,0,0,0,2
1324,18,341.78,87,0,0,0,0
1325,19,353.48,85,0,2,0,1
1326,20,366.38,84,0,1,0,0
1327,21,377.89,82,2,0,2,1
1328,22,389.13,82,0,0,0,0
1329,23,400.42,81,0,0,1,1
1330,24,411.53,80,1,0,0,0
1331,25,422.82,79,0,0,0,1
1332,26,434.26,79,0,0,0,0
1333,27,445.55,78,0,0,0,1
1334,28,456.68,78,0,0,0,0
1335,29,467.66,77,0,0,1,1
1336,30,478.62,76,0,1,0,0
1337,31,489.64,75,0,1,0,0
1338,32,500.43,74,0,0,1,0
1339,33,511.57,73,1,0,0,0
1340,34,522.17,73,0,0,0,0
1341,35,532.78,73,0,0,0,0
1342,36,543.26,73,0,0,0,0
1343,37,553.96,73,0,0,0,0
1344,38,566.75,73,0,0,0,0
1345,39,578.56,73,0,0,0,0
1346,40,589.45,73,0,0,0,0
1347,41,600.04,72,0,1,0,0
1348,42,610.57,71,0,0,0,1
1349,43,621.04,71,0,0,0,0
1350,44,631.46,70,1,0,0,0
1351,45,641.72,70,0,0,0,0
1352,46,652.03,70,0,0,0,0
1353,47,662.37,70,0,0,0,0
1354,48,673.03,70,0,0,0,0
1355,49,683.42,69,1,0,0,0
1356,50,694.21,69,0,0,0,0
1357,51,704.74,69,0,0,0,0
1358,52,716.32,69,0,0,0,0
1359,53,727.16,69,0,0,0,0
1360,54,737.6,69,0,0,0,0
1361,55,748.71,69,0,0,0,0
1362,56,759.93,69,0,0,0,0
1363,57,770.38,69,0,0,0,0
1364,58,780.89,69,0,0,0,0
1365,59,792.04,69,0,0,0,0
1366,60,803.04,69,0,0,0,0
1367,61,813.49,69,0,0,0,0
1368,62,823.84,69,0,0,0,0
1369,63,834.09,60,0,9,0,0
1370,64,843.95,60,0,0,0,0
1371,65,853.75,60,0,0,0,0
1372,66,863.3,60,0,0,0,0
1373,67,873.33,60,0,0,0,0
1374,68,882.85,60,0,0,0,0
1375,69,892.46,59,0,0,1,0
1376,70,901.93,59,0,0,0,0
1377,71,911.77,59,0,0,0,0
1378,72,921.47,59,0,0,0,0
1379,73,931.26,59,0,0,0,0
1380,74,940.88,59,0,0,0,0
1381,75,950.75,59,0,0,0,0
1382,76,960.32,59,0,0,0,0
1383,77,969.81,59,0,0,0,0
1384,78,979.48,59,0,0,0,0
1385,79,988.83,59,0,0,0,0
1386,80,998.24,59,0,0,0,0
1387,81,1007.62,59,0,0,0,0
1388,82,1017.11,59,0,0,0,0
1389,83,1026.58,59,0,0,0,0
1390,84,1035.95,59,0,0,0,0
1391,85,1045.67,59,0,0,0,0
1392,86,1055.53,59,0,0,0,0
1393,87,1065.0,59,0,0,0,0
1394,88,1074.51,59,0,0,0,0
1395,89,1084.11,59,0,0,0,0
1396,90,1095.31,59,0,0,0,0
1397,91,1107.92,59,0,0,0,0
1398,92,1117.7,59,0,0,0,0
1399,93,1127.38,59,0,0,0,0
1400,94,1136.88,59,0,0,0,0
1401,95,1146.35,59,0,0,0,0
1402,96,1155.88,59,0,0,0,0
1403,97,1165.41,59,0,0,0,0
1404,98,1174.77,59,0,0,0,0
1405,99,1184.28,59,0,0,0,0
1406,0,0.0,1151,0,0,0,0
1407,1,129.22,171,917,980,298,274
1408,2,150.25,155,10,7,16,16
1409,3,170.84,137,3,18,5,5
1410,4,189.25,128,4,5,7,9
1411,5,207.13,118,5,1,10,7
1412,6,225.59,113,5,1,3,2
1413,7,242.38,106,1,2,3,7
1414,8,257.06,105,0,1,1,1
1415,9,272.08,102,0,0,2,3
1416,10,286.72,101,0,0,1,0
1417,11,303.25,100,0,1,0,0
1418,12,319.41,99,0,0,0,1
1419,13,334.65,97,0,0,2,0
1420,14,349.58,97,0,0,0,0
1421,15,366.02,95,0,2,0,1
1422,16,380.26,94,0,0,1,0
1423,17,394.03,93,1,0,1,1
1424,18,407.66,91,1,0,2,2
1425,19,421.8,90,0,0,1,0
1426,20,435.39,89,0,0,0,1
1427,21,449.56,87,0,1,2,2
1428,22,463.3,84,3,0,0,0
1429,23,476.06,83,1,0,0,0
1430,24,488.84,81,2,0,0,0
1431,25,501.7,79,0,1,0,2
1432,26,515.5,79,0,0,0,0
1433,27,528.7,79,0,0,0,0
1434,28,541.6,78,1,1,0,0
1435,29,554.24,78,0,0,0,0
1436,30,569.21,78,0,0,0,0
1437,31,581.95,77,0,0,0,1
1438,32,594.33,77,0,0,0,0
1439,33,606.95,77,0,0,0,0
1440,34,619.09,77,0,0,0,0
1441,35,631.01,77,0,0,0,0
1442,36,643.31,77,0,0,0,0
1443,37,656.03,77,0,0,0,0
1444,38,668.11,77,0,0,0,0
1445,39,680.15,77,0,0,0,0
1446,40,692.57,77,0,0,0,0
1447,41,704.88,77,0,0,0,0
1448,42,716.93,76,1,0,0,0
1449,43,728.93,76,0,0,0,0
1450,44,740.87,76,0,0,0,0
1451,45,752.79,76,0,0,0,0
1452,46,765.38,76,0,0,0,0
1453,47,777.79,76,0,0,0,0
1454,48,790.6,76,0,0,0,0
1455,49,802.95,76,0,0,0,0
1456,50,815.54,76,0,0,0,0
1457,51,828.1,76,0,0,0,0
1458,52,840.16,76,0,0,0,0
1459,53,852.43,76,0,0,0,0
1460,54,864.94,76,0,0,0,0
1461,55,877.33,76,0,0,0,0
1462,56,889.99,76,0,0,0,0
1463,57,901.98,76,0,0,0,0
1464,58,914.5,76,0,0,0,0
1465,59,927.15,76,0,0,0,0
1466,60,940.83,76,0,0,0,0
1467,61,952.76,76,0,0,0,0
1468,62,965.12,76,0,0,0,0
1469,63,977.43,76,0,0,0,0
1470,64,989.81,76,0,0,0,0
1471,65,1002.36,76,0,0,0,0
1472,66,1015.7,76,0,0,0,0
1473,67,1028.09,75,1,0,0,0
1474,68,1040.31,75,0,0,0,0
1475,69,1052.57,75,0,0,0,0
1476,70,1065.11,75,0,0,0,0
1477,71,1077.41,75,0,0,0,0
1478,72,1090.41,75,0,0,0,0
1479,73,1103.17,75,0,0,0,0
1480,74,1116.14,75,0,0,0,0
1481,75,1129.21,75,0,0,0,0
1482,76,1141.55,75,0,0,0,0
1483,77,1154.09,75,0,0,0,0
1484,78,1166.41,75,0,0,0,0
1485,79,1178.65,75,0,0,0,0
1486,80,1192.07,75,0,0,0,0
1487,81,1206.49,75,0,0,0,0
1488,82,1220.22,75,0,0,0,0
1489,83,1232.49,75,0,0,0,0
1490,84,1244.7,75,0,0,0,0
1491,85,1258.0,75,0,0,0,0
1492,86,1269.82,75,0,0,0,0
1493,87,1282.97,75,0,0,0,0
1494,88,1295.66,75,0,0,0,0
1495,89,1308.16,75,0,0,0,0
1496,90,1320.39,75,0,0,0,0
1497,91,1332.56,75,0,0,0,0
1498,92,1345.37,75,0,0,0,0
1499,93,1358.37,75,0,0,0,0
1500,94,1371.32,75,0,0,0,0
1501,95,1384.8,71,0,4,0,0
1502,96,1397.91,71,0,0,0,0
1503,97,1410.62,71,0,0,0,0
1504,98,1424.4,71,0,0,0,0
1505,99,1436.75,71,0,0,0,0
1506,100,1448.53,71,0,0,0,0
1507,101,1459.96,71,0,0,0,0
1508,102,1471.2,71,0,0,0,0
1509,103,1482.57,71,0,0,0,0
1510,104,1494.51,71,0,0,0,0
1511,105,1506.15,71,0,0,0,0
1512,106,1517.5,71,0,0,0,0
1513,107,1529.3,71,0,0,0,0
1514,108,1541.05,71,0,0,0,0
1515,109,1552.37,71,0,0,0,0
1516,110,1563.64,71,0,0,0,0
1517,111,1575.17,71,0,0,0,0
1518,112,1586.7,71,0,0,0,0
1519,113,1598.8,71,0,0,0,0
1520,114,1610.69,71,0,0,0,0
1521,115,1622.1,71,0,0,0,0
1522,116,1633.76,71,0,0,0,0
1523,117,1645.44,71,0,0,0,0
1524,118,1657.13,70,0,1,0,0
1525,119,1669.09,70,0,0,0,0
1526,120,1681.15,70,0,0,0,0
1527,121,1692.79,70,0,0,0,0
1528,122,1704.77,70,0,0,0,0
1529,123,1716.56,70,0,0,0,0
1530,124,1728.69,70,0,0,0,0
1531,125,1740.77,70,0,0,0,0
1532,126,1752.93,70,0,0,0,0
1533,127,1764.64,70,0,0,0,0
1534,128,1776.42,70,0,0,0,0
1535,129,1787.73,70,0,0,0,0
1536,130,1798.98,70,0,0,0,0
1537,131,1810.8,70,0,0,0,0
1538,132,1821.94,70,0,0,0,0
1539,133,1833.11,70,0,0,0,0
1540,134,1844.38,70,0,0,0,0
1541,135,1855.97,70,0,0,0,0
1542,136,1867.67,70,0,0,0,0
1543,137,1879.56,70,0,0,0,0
1544,138,1890.87,70,0,0,0,0
1545,139,1902.52,70,0,0,0,0
1546,140,1913.7,70,0,0,0,0
1547,141,1925.08,70,0,0,0,0
1548,142,1936.55,70,0,0,0,0
1549,143,1947.79,70,0,0,0,0
1550,144,1959.23,70,0,0,0,0
1551,145,1970.6,70,0,0,0,0
1552,146,1982.62,70,0,0,0,0
1553,147,1994.31,70,0,0,0,0
1554,148,2005.6,70,0,0,0,0
1555,0,0.0,1261,0,0,0,0
1556,1,150.0,151,1110,1094,182,169
1557,2,171.09,136,2,4,15,15
1558,3,190.77,130,6,2,2,5
1559,4,209.38,110,20,2,2,3
1560,5,225.81,104,3,6,1,1
1561,6,241.75,101,1,1,3,0
1562,7,258.54,100,0,0,0,1
1563,8,274.12,97,3,0,0,0
1564,9,291.09,92,2,5,3,1
1565,10,306.27,90,0,2,2,1
1566,11,320.74,88,1,0,2,1
1567,12,334.86,86,0,2,1,1
1568,13,348.8,85,0,1,1,0
1569,14,363.03,84,1,1,1,0
1570,15,377.28,80,2,1,4,2
1571,16,391.09,79,0,1,0,0
1572,17,404.56,78,1,1,1,0
1573,18,417.73,77,0,0,0,1
1574,19,430.67,77,0,0,0,0
1575,20,444.05,77,0,0,0,0
1576,21,457.11,75,0,0,0,2
1577,22,469.9,74,0,1,0,0
1578,23,482.67,74,0,0,0,0
1579,24,495.32,71,3,0,1,1
1580,25,508.14,70,0,0,1,0
1581,26,520.89,69,0,0,1,0
1582,27,533.51,69,0,0,0,0
1583,28,545.82,69,0,0,0,0
1584,29,557.98,69,0,0,0,0
1585,30,570.11,69,0,0,0,0
1586,31,582.24,69,0,0,0,0
1587,32,594.51,69,0,0,0,0
1588,33,606.68,69,0,0,0,0
1589,34,619.35,69,0,0,0,0
1590,35,632.4,69,0,0,0,0
1591,36,644.26,69,0,0,0,0
1592,37,656.15,69,0,0,0,0
1593,38,668.22,69,0,0,0,0
1594,39,680.34,69,0,0,0,0
1595,40,692.61,68,1,0,0,0
1596,41,704.93,68,0,0,0,0
1597,42,717.75,68,0,0,0,0
1598,43,730.02,68,0,0,0,0
1599,44,741.97,68,0,0,0,0
1600,45,753.86,68,0,0,0,0
1601,46,765.6,67,1,0,0,0
1602,47,777.27,67,0,0,0,0
1603,48,789.18,67,0,0,0,0
1604,49,800.88,67,0,0,0,0
1605,50,812.58,67,0,0,0,0
1606,51,824.25,67,0,0,0,0
1607,52,836.09,67,0,0,0,0
1608,53,847.79,67,0,0,0,0
1609,54,859.66,67,0,0,0,0
1610,55,871.42,67,0,0,0,0
1611,56,883.16,67,0,0,0,0
1612,57,894.89,67,0,0,0,0
1613,58,906.6,67,0,0,0,0
1614,59,918.59,67,0,0,0,0
1615,60,930.4,67,0,0,0,0
1616,61,942.08,67,0,0,0,0
1617,62,953.82,67,0,0,0,0
1618,63,966.11,67,0,0,0,0
1619,64,980.02,67,0,0,0,0
1620,65,992.5,67,0,0,0,0
1621,66,1004.1,67,0,0,0,0
1622,67,1015.78,67,0,0,0,0
1623,68,1028.26,67,0,0,0,0
1624,69,1040.64,67,0,0,0,0
1625,70,1052.92,67,0,0,0,0
1626,71,1065.04,67,0,0,0,0
1627,72,1077.07,67,0,0,0,0
1628,73,1089.27,67,0,0,0,0
1629,74,1101.56,66,0,1,0,0
1630,75,1113.92,65,0,1,0,0
1631,76,1126.08,65,0,0,0,0
1632,77,1138.15,65,0,0,0,0
1633,78,1150.72,65,0,0,0,0
1634,79,1164.05,65,0,0,0,0
1635,80,1180.6,65,0,0,0,0
1636,81,1193.76,65,0,0,0,0
1637,82,1205.93,65,0,0,0,0
1638,83,1217.94,65,0,0,0,0
1639,84,1230.67,65,0,0,0,0
1640,85,1244.36,65,0,0,0,0
1641,86,1257.76,65,0,0,0,0
1642,87,1271.98,65,0,0,0,0
1643,88,1284.49,65,0,0,0,0
1644,89,1297.67,65,0,0,0,0
1645,90,1313.22,65,0,0,0,0
1646,91,1325.84,65,0,0,0,0
1647,92,1338.42,65,0,0,0,0
1648,93,1351.01,65,0,0,0,0
1649,94,1363.36,65,0,0,0,0
1650,95,1376.09,65,0,0,0,0
1651,96,1388.92,65,0,0,0,0
1652,97,1401.3,65,0,0,0,0
1653,98,1413.72,65,0,0,0,0
1654,99,1426.04,65,0,0,0,0
1655,100,1438.96,65,0,0,0,0
1656,101,1450.64,65,0,0,0,0
1657,102,1462.52,65,0,0,0,0
1658,103,1475.22,65,0,0,0,0
1659,104,1486.95,65,0,0,0,0
1660,105,1500.22,65,0,0,0,0
